inferred_interests,potential_next_product_types,preferred_categories,profile_summary,user_id,persona_type_for_generation
"['unisex fragrances', 'winter outerwear', 'comfortable innerwear']","[""Women's AIRism tops"", 'Other Jo Malone London fragrances', ""Men's winter accessories""]","['Fragrance', ""Women's Outerwear"", ""Men's Innerwear""]","This user shows interest in both men's and women's apparel, suggesting they may be shopping for themselves or others.  Their selections indicate a preference for high-quality, functional items, ranging from stylish outerwear to comfortable base layers and sophisticated fragrances.",user_1,random_browser
"['Indonesian literature', 'arts and painting supplies', ""men's fragrances"", ""women's athletic wear"", 'informative magazines']","['Other books by Pramoedya Ananta Toer', 'Watercolor painting paper', ""Another men's fragrance from Dior or a similar brand""]","['Majalah', 'Novel Fiksi', 'Peralatan Seni Lukis', 'Tempat Pensil', 'Fragrance', ""Women's Sport Utility Wear""]","This user enjoys a diverse range of products, showing an interest in Indonesian literature, art supplies, and personal care items, suggesting a multifaceted profile with interests spanning intellectual pursuits and personal style.",user_2,random_browser
"['baby clothing', 'organic cotton clothing', 'newborn essentials']","['baby socks', 'baby hats', 'baby swaddles']",['Baby Clothing'],"This user is focused on purchasing soft, comfortable cotton clothing for babies, with a preference for organic cotton options.  Their shopping behavior indicates a need for newborn essentials.",user_3,category_explorer
"['body care', 'skincare', 'bath and body products']","['body lotion', 'body scrub', 'bath bombs']",['Body Care'],ผู้ใช้รายนี้สนใจผลิตภัณฑ์ดูแลผิวกายเป็นหลัก โดยเฉพาะสบู่ ครีม และน้ำมันบำรุงผิว,user_4,category_explorer
"['high-end makeup', 'long-lasting makeup', 'matte lipstick']","['foundation primer', 'makeup setting spray', 'eyeliner']",['Makeup'],ผู้ใช้รายนี้สนใจเครื่องสำอางโดยเฉพาะอย่างยิ่งเครื่องสำอางประเภทแต่งหน้าติดทนนานและลิปสติกเนื้อแมท,user_5,category_explorer
"['baby products', 'manga', 'beauty tools', 'fragrance', 'scientific calculators']","['Baby Organic Cotton Swaddles', 'One Piece Vol. 2', 'Another unisex fragrance']","['Baby Clothing', 'Manga', 'Beauty Tools', 'Fragrance']","Pengguna ini tertarik pada berbagai kategori, termasuk perlengkapan bayi, manga, alat kecantikan, dan parfum, menunjukkan minat yang beragam.",user_6,category_explorer
"['casualwear', 'everyday clothing', 'classic styles', 'unisex fashion']","[""Women's Jeans"", ""Men's Flannel Shirt"", ""Women's Knit Sweater""]","[""Women's Outerwear"", 'Accessories - Hats', ""Men's Shirts"", ""Women's Hoodies"", ""Men's T-Shirts"", ""Men's Jeans"", ""Women's Dresses""]","This user shops for practical, versatile clothing items in classic styles for both men and women, suggesting a focus on everyday wardrobe essentials from Uniqlo.",user_7,store_specific
"['Indonesian literature', 'writing and stationery', 'informative magazines', 'photography']","['Novel sejarah Indonesia', 'Buku tulis berkualitas', 'Kertas foto matte']","['Majalah', 'Buku Tulis', 'Novel Fiksi', 'Kertas Printer']","Pengguna ini tertarik pada barang-barang tulis, bacaan informatif dan fiksi, terutama novel dan majalah Indonesia, serta menunjukkan minat dalam fotografi.",user_8,store_specific
"['Hair styling products', 'Shaving products', 'Leather accessories', ""Indonesian children's books"", 'Korean skincare', 'Lip care', 'Stationery', 'Body wash']","['Hair masks', 'Other Korean beauty products', 'More Indonesian storybooks']","['Haircare', 'Beauty Tools', 'Accessories - Belts', 'Buku Anak', 'Skincare', 'Makeup', 'Spidol', 'Body Care']",ผู้ใช้รายนี้มีความสนใจในผลิตภัณฑ์ดูแลเส้นผม ผลิตภัณฑ์ความงาม และเครื่องเขียน รวมถึงหนังสือเด็กและผลิตภัณฑ์บำรุงผิวจากเกาหลี,user_9,category_explorer
"[""Men's fashion"", ""children's books"", 'school/office supplies', ""women's fashion"", 'fragrances']","[""Men's casual shoes"", ""More children's magazines"", ""Women's casual pants""]","[""Men's Pants"", ""Men's Shirts"", ""Women's Dresses"", 'Accessories - Hats', ""Men's Jeans"", 'Majalah', 'Kalkulator', 'Fragrance']","This user shows interest in both men's and women's apparel, along with children's books and office supplies, suggesting a diverse range of shopping needs.",user_10,random_browser
"[""women's apparel"", ""kids' apparel"", 'casual clothing', 'comfortable fabrics', 'Uniqlo brand']","[""Women's Knit Cardigan"", ""Kids' Fleece-lined Pants"", ""Men's T-shirts""]","[""Women's Skirts"", ""Women's Pants"", ""Women's Dresses"", ""Women's Shirts"", ""Kids' Outerwear"", ""Kids' Bottoms"", 'Accessories - Belts']","This customer primarily shops for women's and children's clothing, focusing on comfortable, casual pieces from Uniqlo.  Their purchases suggest a preference for versatile, everyday items made from breathable fabrics.",user_11,store_specific
"[""men's basic apparel"", 'baby clothes', 'makeup and beauty tools']","[""Men's Underwear"", 'Baby bodysuits', 'Foundation']","[""Men's T-Shirts"", ""Men's Hoodies"", 'Baby Clothing', 'Beauty Tools', 'Makeup']","This user appears to shop for both men's and baby clothing, as well as beauty products, suggesting a household with both a male and a baby.  Their preferences lean towards basic, comfortable clothing items and everyday makeup.",user_12,category_explorer
"[""Women's fragrance"", 'Sun care', 'Beauty tools']","['Makeup remover', 'Other fragrances from Lancome', 'High-end beauty products']","['Fragrance', 'Body Care', 'Beauty Tools']",ผู้ใช้รายนี้สนใจผลิตภัณฑ์ความงามและดูแลผิว โดยเฉพาะน้ำหอมและโลชั่นกันแดด,user_13,store_specific
"['skincare', 'anti-aging', 'manga', 'stationery', 'haircare']","['other Vitamin C skincare products', 'Doraemon Vol. 3', 'highlighters']","['Skincare', 'Komik', 'Stationery', 'Haircare']",ผู้ใช้รายนี้สนใจผลิตภัณฑ์ดูแลผิวโดยเฉพาะเซรั่มและโทนเนอร์  นอกจากนี้ยังสนใจการ์ตูนและเครื่องเขียน,user_14,random_browser
"['skincare', 'acne treatment', ""children's magazines""]","['Other acne treatment products', 'More Some by Mi products', ""Children's books""]","['Skincare', 'Majalah']",ผู้ใช้รายนี้สนใจผลิตภัณฑ์ดูแลผิวโดยเฉพาะผลิตภัณฑ์ลดรอยสิวและยังสนใจหนังสือเด็กอีกด้วย,user_15,category_explorer
"['Manga', 'Komik', 'Business and finance books', 'Stationery', 'Scientific calculators']","['More manga or komik volumes', 'Other business/self-help books', 'High-quality drawing pencils or art supplies']","['Manga', 'Komik', 'Bisnis & Ekonomi', 'Kalkulator', 'Spidol', 'Tempat Pensil', 'Pensil']","This user shows interest in both entertainment (manga and comics) and self-improvement (business books and finance), alongside a practical need for stationery and scientific tools.  Their purchases suggest a blend of leisure reading and academic/professional needs.",user_16,store_specific
"['high-end makeup', 'face makeup']","['mascara', 'blush', 'makeup brushes']",['Makeup'],ชื่นชอบเครื่องสำอางสำหรับแต่งหน้าโดยเฉพาะอย่างยิ่งแบรนด์หรู,user_17,category_explorer
"['self-improvement', 'office organization', 'sun protection', 'sports apparel', 'physics education', 'fragrances', ""children's books"", 'basic apparel']","['More books on personal development', 'Additional sports apparel (yoga pants, running shoes)', 'A new fragrance']","['Pengembangan Diri', 'Organizer Meja', 'Body Care', ""Women's Sport Utility Wear"", 'Buku Pelajaran', 'Fragrance', 'Majalah', 'Accessories - Socks']","This user shows interest in personal growth, practical home and office organization, athletic wear, and beauty products, suggesting a balanced lifestyle encompassing self-improvement, practicality, and leisure.",user_18,category_explorer
"[""women's apparel"", 'baby clothing', 'school supplies', 'photo printing']","[""Women's casual pants"", 'More baby clothes (e.g., sleepers, socks)', 'High-quality printer paper']","[""Women's Blouses"", 'Baby Clothing', ""Women's Sport Utility Wear"", ""Women's Innerwear"", 'Buku Pelajaran', 'Kertas Printer', ""Kids' Outerwear""]","This user appears to be a woman who shops for herself, her baby, and possibly school supplies.  Her purchases suggest interest in comfortable and practical clothing, alongside educational materials and photography related items.",user_19,random_browser
"['skincare', 'haircare', 'makeup', 'body care', 'fragrances']","['Facial Cleanser', 'Hair Mask', 'Foundation']","['Skincare', 'Makeup', 'Haircare', 'Body Care', 'Fragrance']",ผู้ใช้ท่านนี้สนใจผลิตภัณฑ์ดูแลผิวพรรณ ผม และเครื่องสำอางอย่างครอบคลุม,user_20,store_specific
